{
  "h11": 14,
  "meta": {
    "h11": 14,
    "h21": 17,
    "n_polytopes": 22,
    "n_passes": 15,
    "n_deep": 15,
    "n_fiber": 14,
    "workers": 3,
    "top_n": 0,
    "elapsed_total": 0.5104577541351318,
    "timestamp": "2026-02-23T18:54:52.592917"
  },
  "results": [
    {
      "poly_idx": 2,
      "status": "ok",
      "h11": 14,
      "h21": 17,
      "h11_eff": 13,
      "favorable": false,
      "n_chi3": 1416,
      "max_h0": 11,
      "h0_ge3": 96,
      "n_clean": 24,
      "d3_unique": 12,
      "n_dp": 3,
      "dp_types": [
        4,
        4,
        7
      ],
      "n_k3_div": 2,
      "n_rigid": 6,
      "has_swiss": true,
      "best_tau": 58.49999999999601,
      "best_ratio": 0.0011286579916438898,
      "n_k3": 3,
      "n_ell": 1,
      "score": 26,
      "elapsed": 2.1201529502868652,
      "n_fibers": 1,
      "has_SM": true,
      "has_GUT": true,
      "best_gauge": "su(6) \u00d7 su(6) \u00d7 U(1)^2"
    },
    {
      "poly_idx": 5,
      "status": "ok",
      "h11": 14,
      "h21": 17,
      "h11_eff": 13,
      "favorable": false,
      "n_chi3": 1354,
      "max_h0": 17,
      "h0_ge3": 70,
      "n_clean": 6,
      "d3_unique": 6,
      "n_dp": 5,
      "dp_types": [
        8,
        6,
        7,
        5,
        4
      ],
      "n_k3_div": 0,
      "n_rigid": 8,
      "has_swiss": true,
      "best_tau": 323.99999999999727,
      "best_ratio": 0.0059096341435439905,
      "n_k3": 3,
      "n_ell": 1,
      "score": 25,
      "elapsed": 2.6926169395446777,
      "n_fibers": 1,
      "has_SM": true,
      "has_GUT": true,
      "best_gauge": "su(6) \u00d7 su(6) \u00d7 U(1)^2"
    },
    {
      "poly_idx": 10,
      "status": "ok",
      "h11": 14,
      "h21": 17,
      "h11_eff": 13,
      "favorable": false,
      "n_chi3": 1470,
      "max_h0": 3,
      "h0_ge3": 8,
      "n_clean": 4,
      "d3_unique": 3,
      "n_dp": 3,
      "dp_types": [
        7,
        4,
        4
      ],
      "n_k3_div": 1,
      "n_rigid": 7,
      "has_swiss": true,
      "best_tau": 77.98169645411822,
      "best_ratio": 0.003976592730194546,
      "n_k3": 5,
      "n_ell": 8,
      "score": 25,
      "elapsed": 2.1769418716430664,
      "n_fibers": 8,
      "has_SM": true,
      "has_GUT": true,
      "best_gauge": "su(4) \u00d7 su(4) \u00d7 su(5) \u00d7 U(1)^2"
    },
    {
      "poly_idx": 17,
      "status": "ok",
      "h11": 14,
      "h21": 17,
      "h11_eff": 13,
      "favorable": false,
      "n_chi3": 1502,
      "max_h0": 4,
      "h0_ge3": 10,
      "n_clean": 4,
      "d3_unique": 4,
      "n_dp": 4,
      "dp_types": [
        7,
        6,
        7,
        4
      ],
      "n_k3_div": 0,
      "n_rigid": 8,
      "has_swiss": true,
      "best_tau": 35.99809653861354,
      "best_ratio": 0.010098740842762442,
      "n_k3": 4,
      "n_ell": 4,
      "score": 25,
      "elapsed": 2.2440452575683594,
      "n_fibers": 4,
      "has_SM": true,
      "has_GUT": true,
      "best_gauge": "su(3) \u00d7 su(3) \u00d7 su(6) \u00d7 U(1)^2"
    },
    {
      "poly_idx": 7,
      "status": "ok",
      "h11": 14,
      "h21": 17,
      "h11_eff": 14,
      "favorable": true,
      "n_chi3": 1762,
      "max_h0": 3,
      "h0_ge3": 2,
      "n_clean": 1,
      "d3_unique": 1,
      "n_dp": 2,
      "dp_types": [
        8,
        8
      ],
      "n_k3_div": 2,
      "n_rigid": 4,
      "has_swiss": true,
      "best_tau": 1005.7499999999083,
      "best_ratio": 0.015625501121641617,
      "n_k3": 2,
      "n_ell": 1,
      "score": 25,
      "elapsed": 3.3473446369171143,
      "n_fibers": 1,
      "has_SM": true,
      "has_GUT": false,
      "best_gauge": "su(3) \u00d7 su(3) \u00d7 U(1)^4"
    },
    {
      "poly_idx": 21,
      "status": "ok",
      "h11": 14,
      "h21": 17,
      "h11_eff": 14,
      "favorable": true,
      "n_chi3": 1766,
      "max_h0": 6,
      "h0_ge3": 44,
      "n_clean": 16,
      "d3_unique": 12,
      "n_dp": 3,
      "dp_types": [
        4,
        4,
        4
      ],
      "n_k3_div": 2,
      "n_rigid": 6,
      "has_swiss": false,
      "best_tau": 0.0,
      "best_ratio": 1.0,
      "n_k3": 5,
      "n_ell": 10,
      "score": 23,
      "elapsed": 1.9963569641113281,
      "n_fibers": 10,
      "has_SM": true,
      "has_GUT": true,
      "best_gauge": "su(3) \u00d7 su(5) \u00d7 su(2) \u00d7 su(5)"
    },
    {
      "poly_idx": 4,
      "status": "ok",
      "h11": 14,
      "h21": 17,
      "h11_eff": 12,
      "favorable": false,
      "n_chi3": 1508,
      "max_h0": 13,
      "h0_ge3": 38,
      "n_clean": 14,
      "d3_unique": 12,
      "n_dp": 0,
      "dp_types": [],
      "n_k3_div": 4,
      "n_rigid": 3,
      "has_swiss": false,
      "best_tau": 0.0,
      "best_ratio": 1.0,
      "n_k3": 5,
      "n_ell": 6,
      "score": 22,
      "elapsed": 2.0011088848114014,
      "n_fibers": 6,
      "has_SM": true,
      "has_GUT": true,
      "best_gauge": "su(3) \u00d7 su(5) \u00d7 su(4) \u00d7 U(1)^3"
    },
    {
      "poly_idx": 6,
      "status": "ok",
      "h11": 14,
      "h21": 17,
      "h11_eff": 14,
      "favorable": true,
      "n_chi3": 2112,
      "max_h0": 5,
      "h0_ge3": 26,
      "n_clean": 9,
      "d3_unique": 7,
      "n_dp": 6,
      "dp_types": [
        5,
        8,
        4,
        7,
        8,
        4
      ],
      "n_k3_div": 1,
      "n_rigid": 9,
      "has_swiss": false,
      "best_tau": 0.0,
      "best_ratio": 1.0,
      "n_k3": 2,
      "n_ell": 1,
      "score": 22,
      "elapsed": 2.7834486961364746,
      "n_fibers": 1,
      "has_SM": true,
      "has_GUT": false,
      "best_gauge": "su(3) \u00d7 U(1)^6"
    },
    {
      "poly_idx": 3,
      "status": "ok",
      "h11": 14,
      "h21": 17,
      "h11_eff": 12,
      "favorable": false,
      "n_chi3": 1400,
      "max_h0": 3,
      "h0_ge3": 8,
      "n_clean": 4,
      "d3_unique": 3,
      "n_dp": 2,
      "dp_types": [
        7,
        7
      ],
      "n_k3_div": 1,
      "n_rigid": 6,
      "has_swiss": false,
      "best_tau": 0.0,
      "best_ratio": 1.0,
      "n_k3": 6,
      "n_ell": 11,
      "score": 22,
      "elapsed": 1.3037302494049072,
      "n_fibers": 11,
      "has_SM": true,
      "has_GUT": true,
      "best_gauge": "su(3) \u00d7 su(3) \u00d7 su(6) \u00d7 U(1)^3"
    },
    {
      "poly_idx": 11,
      "status": "ok",
      "h11": 14,
      "h21": 17,
      "h11_eff": 14,
      "favorable": true,
      "n_chi3": 2024,
      "max_h0": 3,
      "h0_ge3": 6,
      "n_clean": 3,
      "d3_unique": 2,
      "n_dp": 6,
      "dp_types": [
        6,
        7,
        8,
        5,
        8,
        4
      ],
      "n_k3_div": 0,
      "n_rigid": 8,
      "has_swiss": false,
      "best_tau": 0.0,
      "best_ratio": 1.0,
      "n_k3": 2,
      "n_ell": 1,
      "score": 22,
      "elapsed": 2.6900641918182373,
      "n_fibers": 1,
      "has_SM": true,
      "has_GUT": false,
      "best_gauge": "su(3) \u00d7 U(1)^6"
    },
    {
      "poly_idx": 14,
      "status": "ok",
      "h11": 14,
      "h21": 17,
      "h11_eff": 14,
      "favorable": true,
      "n_chi3": 1980,
      "max_h0": 3,
      "h0_ge3": 4,
      "n_clean": 2,
      "d3_unique": 2,
      "n_dp": 1,
      "dp_types": [
        7
      ],
      "n_k3_div": 2,
      "n_rigid": 5,
      "has_swiss": false,
      "best_tau": 0.0,
      "best_ratio": 1.0,
      "n_k3": 2,
      "n_ell": 1,
      "score": 22,
      "elapsed": 2.554534673690796,
      "n_fibers": 1,
      "has_SM": true,
      "has_GUT": false,
      "best_gauge": "su(3) \u00d7 U(1)^6"
    },
    {
      "poly_idx": 8,
      "status": "ok",
      "h11": 14,
      "h21": 17,
      "h11_eff": 13,
      "favorable": false,
      "n_chi3": 1276,
      "max_h0": 7,
      "h0_ge3": 4,
      "n_clean": 1,
      "d3_unique": 1,
      "n_dp": 5,
      "dp_types": [
        6,
        7,
        6,
        4,
        4
      ],
      "n_k3_div": 0,
      "n_rigid": 9,
      "has_swiss": false,
      "best_tau": 0.0,