{
  "timestamp": "2026-03-06T22:12:56.070301+00:00",
  "polytope": "h26/P11670",
  "rank": 4,
  "k_max": 2,
  "n_sample": 1000000,
  "chi_target": 3,
  "total_checked": 2987978,
  "n_slope_stable": 0,
  "n_tadpole_ok": 0,
  "elapsed_s": 2198.0535502433777,
  "h11_eff": 28,
  "chi_O": 0.0,
  "configs": [
    [
      5,
      1
    ],
    [
      6,
      2
    ],
    [
      7,
      3
    ]
  ],
  "candidates": []
}